id,question,category,tags
1,"Can I take ibuprofen with my blood pressure medication?","Drug Interactions","ibuprofen;blood pressure;interaction;otc"
2,"Is it safe to take acetaminophen (Tylenol) with ibuprofen?","Drug Interactions","acetaminophen;ibuprofen;interaction;pain"
3,"Can I take naproxen (Aleve) with aspirin?","Drug Interactions","naproxen;aspirin;nsaid;interaction"
4,"Can I take ibuprofen if I’m on a blood thinner like warfarin?","Drug Interactions","ibuprofen;warfarin;blood thinner;bleeding risk"
5,"Is it okay to take aspirin with a blood thinner?","Drug Interactions","aspirin;blood thinner;bleeding risk;interaction"
6,"Can I take cold medicine while on a beta blocker?","Drug Interactions","cold medicine;beta blocker;decongestant;interaction"
7,"Do decongestants interact with high blood pressure meds?","Drug Interactions","decongestant;phenylephrine;pseudoephedrine;hypertension"
8,"Can I take pseudoephedrine with my anxiety medication?","Drug Interactions","pseudoephedrine;anxiety;stimulant;interaction"
9,"Can I take antihistamines with antidepressants?","Drug Interactions","antihistamine;antidepressant;drowsiness;interaction"
10,"Is it safe to mix Benadryl with alcohol?","Drug Interactions","diphenhydramine;alcohol;drowsiness;safety"
11,"Can I take melatonin with SSRIs?","Drug Interactions","melatonin;ssri;sleep;interaction"
12,"Can I take melatonin with blood pressure medication?","Drug Interactions","melatonin;blood pressure;interaction;sleep"
13,"Can I take omeprazole with levothyroxine?","Drug Interactions","omeprazole;levothyroxine;thyroid;timing"
14,"Do antacids affect how antibiotics work?","Drug Interactions","antacid;antibiotic;absorption;timing"
15,"Can calcium supplements interfere with my medication?","Drug Interactions","calcium;supplement;absorption;interaction"
16,"Can I take iron pills with my thyroid medicine?","Drug Interactions","iron;levothyroxine;absorption;timing"
17,"Can I take magnesium with doxycycline?","Drug Interactions","magnesium;doxycycline;antibiotic;absorption"
18,"Can I take grapefruit juice with my cholesterol medication?","Drug Interactions","grapefruit;statin;interaction;CYP3A4"
19,"Can I take St. John’s wort with antidepressants?","Drug Interactions","st johns wort;antidepressant;serotonin;interaction"
20,"Can I take cough syrup with my antidepressant?","Drug Interactions","dextromethorphan;antidepressant;serotonin;interaction"
21,"Does dextromethorphan interact with MAO inhibitors?","Drug Interactions","dextromethorphan;mao inhibitor;danger;serotonin"
22,"Can I take NSAIDs if I have kidney disease?","Drug Interactions","nsaid;kidney;contraindication;safety"
23,"Is it safe to take ibuprofen with diabetes medication?","Drug Interactions","ibuprofen;diabetes;metformin;interaction"
24,"Can I take acetaminophen with liver disease?","Drug Interactions","acetaminophen;liver;dose limit;safety"
25,"Can I take antacids with metformin?","Drug Interactions","antacid;metformin;stomach;interaction"
26,"Can I take probiotics with antibiotics?","Drug Interactions","probiotic;antibiotic;timing;gut"
27,"Can I take a multivitamin with antibiotics?","Drug Interactions","multivitamin;antibiotic;minerals;timing"
28,"Do sleep medicines interact with opioids?","Drug Interactions","sleep aid;opioid;respiratory depression;danger"
29,"Can I take antihistamines with opioid pain medicine?","Drug Interactions","antihistamine;opioid;drowsiness;interaction"
30,"Can I take ibuprofen with prednisone?","Drug Interactions","ibuprofen;prednisone;stomach bleed;interaction"
31,"Can I take aspirin with prednisone?","Drug Interactions","aspirin;prednisone;bleeding;interaction"
32,"Can I take allergy medicine with high blood pressure meds?","Drug Interactions","allergy;antihistamine;hypertension;interaction"
33,"Can I take famotidine (Pepcid) with omeprazole?","Drug Interactions","famotidine;omeprazole;acid reflux;timing"
34,"Can I take loperamide (Imodium) with antibiotics?","Drug Interactions","loperamide;antibiotic;diarrhea;safety"
35,"Can I take ibuprofen with a diuretic?","Drug Interactions","ibuprofen;diuretic;kidney;interaction"
36,"Can I take ibuprofen with an ACE inhibitor?","Drug Interactions","ibuprofen;ace inhibitor;kidney;interaction"
37,"Can I take naproxen with an SSRI?","Drug Interactions","naproxen;ssri;bleeding risk;interaction"
38,"Can I take aspirin with an SSRI?","Drug Interactions","aspirin;ssri;bleeding risk;interaction"
39,"Can I take fluconazole with my cholesterol medicine?","Drug Interactions","fluconazole;statin;interaction;CYP"
40,"Can I take antibiotics with birth control pills?","Drug Interactions","antibiotic;birth control;pregnancy prevention;interaction"
41,"What cold medicine is safe if I have high blood pressure?","Cold & Flu","cold;hypertension;decongestant;safe options"
42,"What can I take for a stuffy nose without raising blood pressure?","Cold & Flu","stuffy nose;hypertension;saline;decongestant"
43,"Can I take DayQuil and NyQuil on the same day?","Cold & Flu","dayquil;nyquil;acetaminophen;dosing"
44,"How do I know if my cold medicine contains acetaminophen?","Cold & Flu","acetaminophen;labels;overdose;ingredients"
45,"Is it okay to take Mucinex (guaifenesin) with other cold meds?","Cold & Flu","guaifenesin;mucinex;combination;cold"
46,"What helps a dry cough at night?","Cold & Flu","dry cough;night;dextromethorphan;honey"
47,"What helps a wet cough with mucus?","Cold & Flu","productive cough;guaifenesin;hydration;cough"
48,"Can I take cough medicine while pregnant?","Cold & Flu","pregnancy;cough;safety;otc"
49,"What cold medicine is safe while breastfeeding?","Cold & Flu","breastfeeding;cold;safety;otc"
50,"Can kids take adult cold medicine?","Cold & Flu","children;cold medicine;dose;safety"
51,"What’s the difference between a cold and the flu?","Cold & Flu","cold;flu;symptoms;when to see doctor"
52,"When should I see a doctor for flu symptoms?","Cold & Flu","flu;warning signs;fever;care"
53,"How long is the flu contagious?","Cold & Flu","flu;contagious;timeline;prevention"
54,"Does Tamiflu help if I start it late?","Cold & Flu","oseltamivir;tamiflu;timing;flu"
55,"Can I take ibuprofen for fever?","Cold & Flu","fever;ibuprofen;dosing;otc"
56,"Can I take acetaminophen for fever?","Cold & Flu","fever;acetaminophen;dosing;otc"
57,"Is it okay to alternate acetaminophen and ibuprofen for fever?","Cold & Flu","fever;alternate;acetaminophen;ibuprofen"
58,"What can I do for sore throat pain?","Cold & Flu","sore throat;lozenges;salt water;pain"
59,"Are throat sprays safe to use every day?","Cold & Flu","throat spray;benzocaine;frequency;safety"
60,"Do I need antibiotics for a sinus infection?","Cold & Flu","sinus infection;antibiotics;viral;bacterial"
61,"What helps sinus pressure and congestion?","Cold & Flu","sinus pressure;congestion;saline;steam"
62,"Is pseudoephedrine better than phenylephrine?","Cold & Flu","pseudoephedrine;phenylephrine;decongestant;compare"
63,"How can I treat a runny nose?","Cold & Flu","runny nose;antihistamine;saline;care"
64,"What can I take for post-nasal drip?","Cold & Flu","post nasal drip;cough;saline;antihistamine"
65,"How do I relieve ear pressure from a cold?","Cold & Flu","ear pressure;cold;swallowing;decongestant"
66,"Can I use nasal spray every day?","Cold & Flu","nasal spray;oxymetazoline;rebound congestion;safety"
67,"How many days can I use Afrin?","Cold & Flu","afrin;oxymetazoline;3 days;rebound"
68,"Does zinc help a cold?","Cold & Flu","zinc;cold;evidence;supplement"
69,"Does vitamin C prevent colds?","Cold & Flu","vitamin C;cold;prevention;evidence"
70,"Is it safe to take elderberry for colds?","Cold & Flu","elderberry;cold;supplement;safety"
71,"What should I take for body aches with a cold?","Cold & Flu","body aches;acetaminophen;ibuprofen;care"
72,"Can I take NyQuil if I have asthma?","Cold & Flu","nyquil;asthma;cough suppressant;safety"
73,"Is it normal to have green mucus?","Cold & Flu","mucus;color;infection;myths"
74,"How can I sleep better with a bad cold?","Cold & Flu","sleep;cold;congestion;tips"
75,"What’s the best way to measure a fever at home?","Cold & Flu","fever;thermometer;accuracy;home"
76,"When can I go back to work after the flu?","Cold & Flu","flu;return to work;fever free;contagious"
77,"Can I take cough drops if I have diabetes?","Cold & Flu","cough drops;diabetes;sugar free;safe"
78,"What cold medicines should I avoid with diabetes?","Cold & Flu","diabetes;cold meds;sugar;decongestant"
79,"Can I take cough syrup if I’m on blood pressure meds?","Cold & Flu","cough syrup;hypertension;decongestant;interaction"
80,"What can I do for chills and fever at home?","Cold & Flu","chills;fever;hydration;rest"
81,"How much acetaminophen can I take in a day?","Pain Relief","acetaminophen;max daily dose;liver;safety"
82,"How much ibuprofen can I take in a day?","Pain Relief","ibuprofen;max daily dose;nsaid;safety"
83,"How often can I take ibuprofen for pain?","Pain Relief","ibuprofen;dosing interval;otc;pain"
84,"How often can I take acetaminophen for pain?","Pain Relief","acetaminophen;dosing interval;otc;pain"
85,"Is Tylenol or ibuprofen better for headaches?","Pain Relief","headache;tylenol;ibuprofen;compare"
86,"What can I take for a migraine?","Pain Relief","migraine;otc;triggers;when to see doctor"
87,"Can I take pain medicine on an empty stomach?","Pain Relief","pain medicine;stomach upset;safety;food"
88,"What helps back pain without prescription meds?","Pain Relief","back pain;heat;stretching;otc"
89,"What can I take for tooth pain until I see a dentist?","Pain Relief","tooth pain;ibuprofen;acetaminophen;temporary"
90,"Is it safe to use topical pain creams?","Pain Relief","topical;menthol;capsaicin;safety"
91,"Can I use Voltaren gel with ibuprofen tablets?","Pain Relief","diclofenac;voltaren;nsaid;combination"
92,"What helps muscle soreness after exercise?","Pain Relief","muscle soreness;ice;heat;recovery"
93,"What can I take for period cramps?","Pain Relief","period cramps;nsaid;ibuprofen;dosing"
94,"Can I take ibuprofen for arthritis pain?","Pain Relief","arthritis;ibuprofen;nsaid;safety"
95,"What’s the safest pain reliever if I have stomach ulcers?","Pain Relief","ulcer;acetaminophen;nsaid risk;safety"
96,"What’s the safest pain reliever if I have kidney problems?","Pain Relief","kidney;pain relief;avoid nsaid;safe"
97,"What’s the safest pain reliever if I have liver problems?","Pain Relief","liver;acetaminophen;dose limit;safety"
98,"Can I take ibuprofen if I have asthma?","Pain Relief","asthma;ibuprofen;nsaid sensitivity;safety"
99,"Can I take aspirin for pain?","Pain Relief","aspirin;pain relief;bleeding risk;safety"
100,"How do I reduce swelling from an injury?","Pain Relief","swelling;RICE;ice;elevation"
101,"How long can I take ibuprofen safely?","Pain Relief","ibuprofen;duration;side effects;safety"
102,"How long can I take naproxen safely?","Pain Relief","naproxen;duration;side effects;safety"
103,"What are signs I took too much acetaminophen?","Pain Relief","acetaminophen;overdose;warning signs;liver"
104,"What are signs I took too much ibuprofen?","Pain Relief","ibuprofen;overdose;warning signs;stomach"
105,"Can I take pain relievers while pregnant?","Pain Relief","pregnancy;pain relief;acetaminophen;safety"
106,"Can I take ibuprofen while breastfeeding?","Pain Relief","breastfeeding;ibuprofen;safety;otc"
107,"What can I take for joint pain?","Pain Relief","joint pain;otc;topical;exercise"
108,"What helps a sprained ankle pain?","Pain Relief","sprain;ankle;ice;ibuprofen"
109,"Is it safe to use heating pads for pain?","Pain Relief","heat;heating pad;burn risk;safety"
110,"Is it safe to use ice packs for pain?","Pain Relief","ice;ice pack;frostbite;safety"
111,"Can I take acetaminophen with alcohol?","Pain Relief","acetaminophen;alcohol;liver risk;safety"
112,"Is it okay to take ibuprofen after drinking alcohol?","Pain Relief","ibuprofen;alcohol;stomach bleed;safety"
113,"What can I take for nerve pain over the counter?","Pain Relief","nerve pain;otc;limitations;when to see doctor"
114,"Does turmeric help with pain?","Pain Relief","turmeric;inflammation;supplement;evidence"
115,"Can I take fish oil with pain relievers?","Pain Relief","fish oil;bleeding risk;interaction;safety"
116,"What should I do if pain medicine upsets my stomach?","Pain Relief","stomach upset;nsaid;food;tips"
117,"What’s the difference between ibuprofen and naproxen?","Pain Relief","ibuprofen;naproxen;nsaid;compare"
118,"Can I take two different NSAIDs together?","Pain Relief","nsaid;ibuprofen;naproxen;avoid"
119,"Can I take acetaminophen and naproxen together?","Pain Relief","acetaminophen;naproxen;combination;safety"
120,"Can I take acetaminophen and ibuprofen together?","Pain Relief","acetaminophen;ibuprofen;combination;safety"
121,"What can I take for heartburn fast?","Acid Reflux","heartburn;fast relief;antacid;tips"
122,"What’s the difference between antacids and acid reducers?","Acid Reflux","antacid;famotidine;omeprazole;compare"
123,"How should I take omeprazole for best results?","Acid Reflux","omeprazole;ppi;timing;before meals"
124,"How long does it take omeprazole to work?","Acid Reflux","omeprazole;ppi;onset;expectations"
125,"Can I take famotidine and omeprazole together?","Acid Reflux","famotidine;omeprazole;combination;timing"
126,"Is it safe to take antacids every day?","Acid Reflux","antacid;daily use;side effects;rebound"
127,"Can I take Tums if I’m pregnant?","Acid Reflux","pregnancy;calcium carbonate;tums;safety"
128,"What heartburn medicine is safe during pregnancy?","Acid Reflux","pregnancy;heartburn;safety;otc"
129,"Can children take heartburn medicine?","Acid Reflux","children;heartburn;famotidine;dose"
130,"What foods trigger acid reflux?","Acid Reflux","diet;triggers;reflux;avoid"
131,"What can I do for reflux without medicine?","Acid Reflux","lifestyle;reflux;raise head;avoid late meals"
132,"Can I take omeprazole long term?","Acid Reflux","omeprazole;long term;risks;doctor"
133,"Is it safe to take Pepto-Bismol for stomach upset?","Acid Reflux","pepto bismol;bismuth;stomach upset;safety"
134,"Can I take Pepto-Bismol if I’m on blood thinners?","Acid Reflux","bismuth;blood thinner;bleeding risk;interaction"
135,"What helps nausea from reflux?","Acid Reflux","nausea;reflux;ginger;small meals"
136,"Can I take ginger supplements for nausea?","Acid Reflux","ginger;nausea;supplement;safety"
137,"What’s the difference between GERD and heartburn?","Acid Reflux","gerd;heartburn;symptoms;definition"
138,"When should I see a doctor for heartburn?","Acid Reflux","heartburn;warning signs;chest pain;doctor"
139,"Can reflux cause a cough?","Acid Reflux","reflux;cough;laryngopharyngeal;symptoms"
140,"Does drinking milk help heartburn?","Acid Reflux","milk;heartburn;myths;temporary"
141,"What allergy medicine is non-drowsy?","Allergies","allergy;non drowsy;loratadine;cetirizine"
142,"Which antihistamine is best for itchy eyes?","Allergies","itchy eyes;antihistamine;eye drops;allergy"
143,"Can I take allergy medicine every day?","Allergies","antihistamine;daily use;safety;seasonal"
144,"How long does cetirizine (Zyrtec) take to work?","Allergies","cetirizine;onset;allergy;timing"
145,"How long does loratadine (Claritin) take to work?","Allergies","loratadine;onset;allergy;timing"
146,"Can I switch from Claritin to Zyrtec?","Allergies","claritin;zyrtec;switching;safety"
147,"Is it safe to take Benadryl every night?","Allergies","benadryl;diphenhydramine;daily;risks"
148,"What can I do for nasal allergies without pills?","Allergies","nasal allergy;saline;nasal steroid;tips"
149,"How do nasal steroid sprays work?","Allergies","fluticasone;nasal steroid;how it works;allergy"
150,"How long does Flonase take to work?","Allergies","fluticasone;flonase;onset;days"
151,"Can I use Flonase every day?","Allergies","flonase;daily use;safety;nasal"
152,"What can I take for hives?","Allergies","hives;urticaria;antihistamine;safety"
153,"When is an allergic reaction an emergency?","Allergies","anaphylaxis;emergency;swelling;911"
154,"Can I take allergy meds while pregnant?","Allergies","pregnancy;allergy;loratadine;safety"
155,"Can I take allergy meds while breastfeeding?","Allergies","breastfeeding;allergy;safety;antihistamine"
156,"What allergy medicine is safe for children?","Allergies","children;allergy;dosing;safety"
157,"Can I give my child Benadryl?","Allergies","children;benadryl;dosing;doctor"
158,"What helps seasonal allergies naturally?","Allergies","seasonal;allergy;avoidance;HEPA"
159,"Do air purifiers help allergies?","Allergies","air purifier;allergy;HEPA;home"
160,"Can allergies cause a sore throat?","Allergies","allergy;sore throat;post nasal drip;symptoms"
161,"What can I do for insomnia without prescription meds?","Sleep","insomnia;sleep hygiene;routine;tips"
162,"Is melatonin safe to take every night?","Sleep","melatonin;daily use;safety;habit"
163,"What dose of melatonin should I start with?","Sleep","melatonin;starting dose;beginner;safety"
164,"How long does melatonin take to work?","Sleep","melatonin;onset;timing;sleep"
165,"Can I take melatonin if I’m pregnant?","Sleep","melatonin;pregnancy;safety;doctor"
166,"Can I take melatonin while breastfeeding?","Sleep","melatonin;breastfeeding;safety;doctor"
167,"Is it safe to take Benadryl as a sleep aid?","Sleep","benadryl;sleep aid;diphenhydramine;risks"
168,"What’s the difference between melatonin and sleep medicines?","Sleep","melatonin;sleep aid;compare;otc"
169,"Can I take magnesium for sleep?","Sleep","magnesium;sleep;supplement;safety"
170,"Can I take valerian root for sleep?","Sleep","valerian;sleep;supplement;interaction"
171,"Why do I wake up in the middle of the night?","Sleep","middle of night;insomnia;causes;tips"
172,"Does caffeine affect sleep even if I drink it early?","Sleep","caffeine;sleep;half life;timing"
173,"How late is too late for caffeine?","Sleep","caffeine;timing;sleep;cutoff"
174,"What can I do if my mind won’t shut off at night?","Sleep","anxiety;sleep;relaxation;breathing"
175,"Is it safe to take sleep gummies?","Sleep","sleep gummy;melatonin;supplement;safety"
176,"Can teenagers take melatonin?","Sleep","teen;melatonin;safety;dose"
177,"Can children take melatonin?","Sleep","children;melatonin;safety;doctor"
178,"How can I reset my sleep schedule?","Sleep","sleep schedule;routine;light exposure;tips"
179,"Does blue light from phones affect sleep?","Sleep","blue light;sleep;screen;habit"
180,"What’s a good bedtime routine?","Sleep","bedtime routine;sleep hygiene;consistent;tips"
181,"How do I know the correct dose for OTC medicine?","Dosage","dose;label;otc;instructions"
182,"What does 'take with food' mean?","Dosage","with food;instructions;stomach;meds"
183,"What does 'take on an empty stomach' mean?","Dosage","empty stomach;instructions;timing;meds"
184,"How many hours apart should I take doses?","Dosage","dosing interval;hours;label;safe"
185,"What should I do if I miss a dose?","Dosage","missed dose;what to do;safety;guidance"
186,"Can I split tablets in half?","Dosage","tablet splitting;scored;extended release;safe"
187,"Can I crush my medicine and mix it with food?","Dosage","crush tablets;capsules;extended release;danger"
188,"What’s the difference between extended-release and regular tablets?","Dosage","extended release;ER;XR;difference"
189,"How do I measure liquid medicine correctly?","Dosage","liquid medicine;measuring spoon;syringe;accuracy"
190,"Can I use a kitchen spoon for liquid medicine?","Dosage","kitchen spoon;liquid medicine;accuracy;avoid"
191,"What does mg mean on a medicine label?","Dosage","mg;milligrams;label;understanding"
192,"What does mL mean on a liquid medicine label?","Dosage","mL;milliliters;liquid;label"
193,"How do I convert teaspoons to mL?","Dosage","teaspoon;ml;conversion;liquid"
194,"How do I know if I took too much medicine?","Dosage","overdose;warning signs;poison control;safety"
195,"Should I take medicine at the same time every day?","Dosage","same time;routine;adherence;tips"
196,"Can I take vitamins and medicines at the same time?","Dosage","vitamin;timing;interaction;spacing"
197,"Is it okay to double up if I missed a dose?","Dosage","missed dose;double dose;avoid;safety"
198,"What’s the best way to keep track of doses?","Dosage","pill box;reminder;adherence;tips"
199,"Do I need to finish the full course of antibiotics?","Dosage","antibiotics;finish course;resistance;guidance"
200,"How soon can I take another dose if I vomit?","Dosage","vomit;redose;timing;safety"
201,"How should I store my medicines at home?","Storage","storage;cool dry place;humidity;safety"
202,"Can I store medicine in the bathroom?","Storage","bathroom;humidity;storage;avoid"
203,"Is it okay to store medicine in the car?","Storage","car;heat;cold;storage"
204,"What temperature is 'room temperature' for medicines?","Storage","room temperature;range;storage;label"
205,"Do medicines expire? What happens if I take expired medicine?","Storage","expired;expiration date;potency;safety"
206,"How should I dispose of old medicines?","Storage","disposal;take back;trash;FDA"
207,"Can I flush medicines down the toilet?","Storage","flush;disposal;environment;safety"
208,"How do I store insulin?","Storage","insulin;refrigeration;storage;diabetes"
209,"How do I store eye drops?","Storage","eye drops;storage;contamination;expiry"
210,"How do I store antibiotics after mixing?","Storage","antibiotic suspension;refrigerate;storage;children"
211,"How do I store probiotics?","Storage","probiotic;refrigerate;storage;supplement"
212,"Do gummy vitamins go bad?","Storage","gummy vitamins;storage;melting;expiration"
213,"Can I keep medicines in a pill organizer?","Storage","pill organizer;stability;light;humidity"
214,"How should I store inhalers?","Storage","inhaler;heat;storage;asthma"
215,"What should I do if medicine changed color or smell?","Storage","medicine change;color;smell;discard"
216,"How should I store creams and ointments?","Storage","cream;ointment;storage;heat"
217,"How do I store nitroglycerin tablets?","Storage","nitroglycerin;original bottle;light;heat"
218,"Can I store medicine in the fridge?","Storage","refrigerator;storage;which meds;labels"
219,"How do I keep medicines away from children?","Storage","child safety;lock box;poison;prevention"
220,"How do I travel with medicines safely?","Storage","travel;medicine;carry on;temperature"
221,"What medicines are safe during pregnancy for pain?","Pregnancy","pregnancy;pain;acetaminophen;safety"
222,"What cold medicine is safe during pregnancy?","Pregnancy","pregnancy;cold;safety;otc"
223,"What allergy medicine is safe during pregnancy?","Pregnancy","pregnancy;allergy;loratadine;cetirizine"
224,"Can I take ibuprofen in the first trimester?","Pregnancy","pregnancy;ibuprofen;trimester;safety"
225,"Can I take ibuprofen in the third trimester?","Pregnancy","pregnancy;ibuprofen;third trimester;avoid"
226,"Can I take antacids while pregnant?","Pregnancy","pregnancy;heartburn;antacid;safety"
227,"Can I take omeprazole while pregnant?","Pregnancy","pregnancy;omeprazole;ppi;safety"
228,"Is Pepto-Bismol safe during pregnancy?","Pregnancy","pregnancy;pepto bismol;bismuth;avoid"
229,"Can I take melatonin during pregnancy?","Pregnancy","pregnancy;melatonin;safety;doctor"
230,"What should I avoid taking while pregnant?","Pregnancy","pregnancy;avoid;otc;herbal"
231,"What pain medicine is safe for babies?","Children","baby;pain;acetaminophen;ibuprofen"
232,"How do I dose liquid medicine for my child?","Children","children;liquid dosing;syringe;weight"
233,"Can I give my child ibuprofen?","Children","children;ibuprofen;age;dose"
234,"Can I give my child acetaminophen?","Children","children;acetaminophen;age;dose"
235,"What fever is too high for a child?","Children","child;fever;warning signs;doctor"
236,"Can I alternate Tylenol and ibuprofen for my child?","Children","child;fever;alternate;dosing"
237,"What cold medicine is safe for toddlers?","Children","toddler;cold;avoid;cough"
238,"Are cough syrups safe for young children?","Children","children;cough syrup;safety;age"
239,"What should I do if my child took too much medicine?","Children","children;overdose;poison control;emergency"
240,"Can teething gels be used safely?","Children","teething;benzocaine;warning;safety"
241,"Do I need to take vitamins every day?","Vitamins","vitamin;daily;diet;need"
242,"What’s the difference between vitamin D2 and D3?","Vitamins","vitamin D;D2;D3;difference"
243,"How much vitamin D should I take?","Vitamins","vitamin D;dose;safe;lab"
244,"Can I take vitamin D with food?","Vitamins","vitamin D;fat soluble;with food;absorption"
245,"Can I take vitamin C every day?","Vitamins","vitamin C;daily;side effects;dose"
246,"Can I take too much vitamin C?","Vitamins","vitamin C;overdose;diarrhea;kidney stones"
247,"Is it safe to take iron supplements?","Vitamins","iron;supplement;constipation;dose"
248,"What helps constipation from iron pills?","Vitamins","iron;constipation;stool softener;tips"
249,"Can I take a multivitamin with my medications?","Vitamins","multivitamin;interaction;timing;minerals"
250,"Do gummy vitamins work as well as pills?","Vitamins","gummy vitamins;compare;dose;sugar"
251,"What should I use for dry skin?","Skin","dry skin;moisturizer;ceramides;tips"
252,"What’s the best treatment for acne over the counter?","Skin","acne;benzoyl peroxide;salicylic acid;otc"
253,"How do I use benzoyl peroxide safely?","Skin","benzoyl peroxide;acne;irritation;usage"
254,"How do I use adapalene (Differin) gel?","Skin","adapalene;differin;retinoid;usage"
255,"What helps itchy skin from eczema?","Skin","eczema;itch;moisturizer;hydrocortisone"
256,"Can I use hydrocortisone cream on my face?","Skin","hydrocortisone;face;thin skin;safety"
257,"How long can I use hydrocortisone cream?","Skin","hydrocortisone;duration;safety;skin"
258,"What can I do for a mild burn at home?","Skin","burn;first aid;cool water;care"
259,"What helps sunburn pain?","Skin","sunburn;aloe;ibuprofen;hydration"
260,"How do I treat athlete’s foot?","Skin","athletes foot;antifungal;terbinafine;care"
261,"What eye drops help dry eyes?","Eyes & Ears","dry eyes;artificial tears;eye drops;safe"
262,"How often can I use artificial tears?","Eyes & Ears","artificial tears;frequency;preservative free;dry eye"
263,"Can I use redness-relief eye drops every day?","Eyes & Ears","redness drops;rebound;tetrahydrozoline;safety"
264,"What helps itchy allergy eyes?","Eyes & Ears","allergy eyes;antihistamine drops;itch;relief"
265,"What should I do for earwax buildup?","Eyes & Ears","earwax;carbamide peroxide;safe;avoid q-tips"
266,"Is it safe to use Q-tips in my ears?","Eyes & Ears","q tips;ear;injury;avoid"
267,"What helps swimmer’s ear?","Eyes & Ears","swimmers ear;ear drops;pain;doctor"
268,"When should I see a doctor for ear pain?","Eyes & Ears","ear pain;warning signs;fever;doctor"
269,"Can I use old eye drops?","Eyes & Ears","eye drops;expiration;contamination;safety"
270,"How do I clean contact lenses safely?","Eyes & Ears","contacts;cleaning;solution;infection prevention"
271,"What over-the-counter medicines are safe with diabetes?","Diabetes","diabetes;otc;sugar free;safe"
272,"What cold medicines should I avoid with diabetes?","Diabetes","diabetes;cold medicine;decongestant;sugar"
273,"Can cough syrup raise blood sugar?","Diabetes","cough syrup;sugar;blood glucose;diabetes"
274,"Are sugar-free cough drops safe for diabetes?","Diabetes","diabetes;sugar free;cough drops;safe"
275,"What pain reliever is safest with diabetes?","Diabetes","diabetes;pain relief;acetaminophen;safety"
276,"How should I store insulin when traveling?","Diabetes","insulin;travel;temperature;storage"
277,"Can I take metformin with food?","Diabetes","metformin;with food;stomach;tips"
278,"What should I do if metformin upsets my stomach?","Diabetes","metformin;stomach upset;slow titration;tips"
279,"Can I take vitamins with diabetes medications?","Diabetes","diabetes;vitamins;interaction;timing"
280,"What are signs of low blood sugar?","Diabetes","hypoglycemia;signs;shaky;sweaty"
281,"What cold medicine is safe if I have heart disease?","Heart","heart disease;cold medicine;decongestant;avoid"
282,"Can I take decongestants if I have high blood pressure?","Heart","hypertension;decongestant;avoid;safety"
283,"What pain reliever is safest if I have heart disease?","Heart","heart disease;pain relief;acetaminophen;nsaid risk"
284,"Is aspirin safe to take every day?","Heart","aspirin;daily;prevention;doctor"
285,"What should I do if I miss my blood pressure pill?","Heart","blood pressure;missed dose;what to do;adherence"
286,"Can I take ibuprofen with blood pressure meds?","Heart","ibuprofen;blood pressure;interaction;otc"
287,"Can I drink coffee with high blood pressure?","Heart","coffee;caffeine;blood pressure;tips"
288,"What are warning signs of a heart attack?","Heart","heart attack;chest pain;emergency;911"
289,"Can acid reflux feel like chest pain?","Heart","reflux;chest pain;difference;doctor"
290,"Can anxiety cause chest tightness?","Heart","anxiety;chest tightness;panic;doctor"
291,"Can antidepressants cause nausea?","Mental Health","antidepressant;nausea;side effect;tips"
292,"How long do SSRI side effects last?","Mental Health","ssri;side effects;timeline;expectations"
293,"Can I drink alcohol while taking antidepressants?","Mental Health","antidepressant;alcohol;interaction;safety"
294,"Can I take melatonin with anxiety medication?","Mental Health","anxiety;melatonin;interaction;sleep"
295,"Can I take Benadryl for anxiety?","Mental Health","benadryl;anxiety;not recommended;drowsiness"
296,"What over-the-counter options help mild anxiety?","Mental Health","anxiety;otc;limitations;when to see doctor"
297,"Can caffeine make anxiety worse?","Mental Health","caffeine;anxiety;panic;triggers"
298,"What should I do if I feel a panic attack coming on?","Mental Health","panic attack;breathing;grounding;tips"
299,"Can I stop my antidepressant suddenly?","Mental Health","antidepressant;stopping;withdrawal;taper"
300,"When should I get help for depression symptoms?","Mental Health","depression;help;warning signs;crisis"
301,"Can I take ibuprofen with lisinopril?","Drug Interactions","ibuprofen;lisinopril;ace inhibitor;kidney"
302,"Can I take ibuprofen with losartan?","Drug Interactions","ibuprofen;losartan;arb;kidney"
303,"Can I take ibuprofen with hydrochlorothiazide?","Drug Interactions","ibuprofen;diuretic;kidney;interaction"
304,"Can I take naproxen with blood pressure medication?","Drug Interactions","naproxen;blood pressure;interaction;nsaid"
305,"Can I take ibuprofen with metoprolol?","Drug Interactions","ibuprofen;metoprolol;beta blocker;interaction"
306,"Can I take pseudoephedrine with blood pressure meds?","Drug Interactions","pseudoephedrine;blood pressure;avoid;decongestant"
307,"Can I take phenylephrine with blood pressure meds?","Drug Interactions","phenylephrine;blood pressure;avoid;decongestant"
308,"Can I take Benadryl with a sleeping pill?","Drug Interactions","diphenhydramine;sleeping pill;drowsiness;danger"
309,"Can I take melatonin with a sleeping pill?","Drug Interactions","melatonin;sleeping pill;sedation;interaction"
310,"Can I take ibuprofen with clopidogrel (Plavix)?","Drug Interactions","ibuprofen;clopidogrel;bleeding risk;interaction"
311,"Can I take aspirin with clopidogrel?","Drug Interactions","aspirin;clopidogrel;bleeding risk;doctor"
312,"Can I take omeprazole with clopidogrel?","Drug Interactions","omeprazole;clopidogrel;interaction;CYP2C19"
313,"Can I take famotidine with clopidogrel?","Drug Interactions","famotidine;clopidogrel;acid reducer;safe"
314,"Can I take antacids with levothyroxine?","Drug Interactions","antacid;levothyroxine;spacing;absorption"
315,"Can I take calcium with levothyroxine?","Drug Interactions","calcium;levothyroxine;spacing;absorption"
316,"Can I take iron with levothyroxine?","Drug Interactions","iron;levothyroxine;spacing;absorption"
317,"Can I take vitamin C with iron pills?","Drug Interactions","vitamin c;iron;absorption;timing"
318,"Can I take metformin with omeprazole?","Drug Interactions","metformin;omeprazole;stomach;interaction"
319,"Can I take ibuprofen with sertraline (Zoloft)?","Drug Interactions","ibuprofen;sertraline;ssri;bleeding"
320,"Can I take naproxen with sertraline (Zoloft)?","Drug Interactions","naproxen;sertraline;ssri;bleeding"
321,"Can I take Tylenol for a sore throat?","Cold & Flu","sore throat;acetaminophen;pain;otc"
322,"Can I take ibuprofen for a sore throat?","Cold & Flu","sore throat;ibuprofen;pain;otc"
323,"What helps a cough without medicine?","Cold & Flu","cough;home remedies;honey;steam"
324,"What can I do for congestion at night?","Cold & Flu","congestion;night;saline;humidifier"
325,"Can I use a humidifier for a cold?","Cold & Flu","humidifier;cold;congestion;home"
326,"Can I take cold medicine if I have glaucoma?","Cold & Flu","glaucoma;decongestant;antihistamine;safety"
327,"Can I take cold medicine if I have thyroid problems?","Cold & Flu","thyroid;cold medicine;decongestant;safety"
328,"Can I take cold medicine if I have prostate problems?","Cold & Flu","BPH;decongestant;urination;safety"
329,"What medicine helps sneezing and runny nose?","Cold & Flu","sneezing;runny nose;antihistamine;cold"
330,"What can I take for sinus headache?","Cold & Flu","sinus headache;ibuprofen;saline;care"
331,"What helps knee pain?","Pain Relief","knee pain;ice;acetaminophen;topical"
332,"What helps shoulder pain?","Pain Relief","shoulder pain;heat;stretch;otc"
333,"What helps neck pain?","Pain Relief","neck pain;posture;heat;otc"
334,"Is it safe to take ibuprofen every day?","Pain Relief","ibuprofen;daily use;risks;doctor"
335,"Is it safe to take acetaminophen every day?","Pain Relief","acetaminophen;daily use;liver;doctor"
336,"What pain reliever is safest with high blood pressure?","Pain Relief","hypertension;pain relief;acetaminophen;nsaid"
337,"What pain reliever is safest with stomach acid reflux?","Pain Relief","reflux;pain relief;nsaid;stomach"
338,"Can I take ibuprofen if I have acid reflux?","Pain Relief","ibuprofen;reflux;stomach;safety"
339,"How do I treat heartburn at night?","Acid Reflux","night heartburn;raise head;avoid late meals;antacid"
340,"Can spicy food cause reflux?","Acid Reflux","spicy food;reflux;trigger;diet"
341,"Can stress make reflux worse?","Acid Reflux","stress;reflux;trigger;management"
342,"Can I take antacids with antibiotics?","Acid Reflux","antacid;antibiotic;spacing;absorption"
343,"Can I take allergy medicine with asthma inhalers?","Allergies","allergy;asthma;inhaler;safe"
344,"What helps itchy throat from allergies?","Allergies","itchy throat;allergy;post nasal drip;relief"
345,"Can allergies cause ear pressure?","Allergies","allergy;ear pressure;Eustachian tube;relief"
346,"What’s the difference between allergies and a cold?","Allergies","allergy;cold;difference;symptoms"
347,"Can I take two antihistamines together?","Allergies","antihistamine;double;avoid;safety"
348,"Can I take Zyrtec in the morning and Benadryl at night?","Allergies","zyrtec;benadryl;drowsiness;combination"
349,"What helps sleep when I’m congested?","Sleep","sleep;congestion;humidifier;saline"
350,"Can I take melatonin and magnesium together?","Sleep","melatonin;magnesium;combination;safety"
351,"What does 'do not exceed' mean on a label?","Dosage","label;do not exceed;max dose;safety"
352,"What should I do if I took two doses by mistake?","Dosage","double dose;mistake;poison control;safety"
353,"Can I take medicine with coffee?","Dosage","coffee;caffeine;absorption;timing"
354,"Can I take medicine with milk?","Dosage","milk;calcium;absorption;antibiotics"
355,"Can I take medicine with grapefruit juice?","Dosage","grapefruit;interaction;CYP3A4;avoid"
356,"How can I tell if a medicine is extended-release?","Dosage","extended release;XR;ER;label"
357,"Should I store medicines in their original bottles?","Storage","original bottle;labels;childproof;safety"
358,"What’s the best way to dispose of needles safely?","Storage","sharps;needle disposal;container;safety"
359,"How do I store vitamins to keep them fresh?","Storage","vitamins;storage;heat;humidity"
360,"What can I take for nausea during pregnancy?","Pregnancy","pregnancy;nausea;ginger;vitamin B6"
361,"Is it safe to take vitamin B6 for nausea in pregnancy?","Pregnancy","pregnancy;vitamin b6;nausea;safety"
362,"Is doxylamine safe for morning sickness?","Pregnancy","pregnancy;doxylamine;nausea;safety"
363,"What cold medicines should I avoid during pregnancy?","Pregnancy","pregnancy;avoid;cold medicine;decongestant"
364,"Can I use acne medicine while pregnant?","Pregnancy","pregnancy;acne;retinoids;avoid"
365,"Can I give my child cough drops?","Children","children;cough drops;choking hazard;age"
366,"Can I give my child adult ibuprofen tablets?","Children","children;ibuprofen;tablet;dose"
367,"Can I give my child adult acetaminophen tablets?","Children","children;acetaminophen;tablet;dose"
368,"How do I treat diaper rash?","Children","diaper rash;zinc oxide;barrier;care"
369,"What sunscreen is safe for children?","Children","children;sunscreen;SPF;mineral"
370,"Can kids take gummy vitamins?","Children","children;gummy vitamins;choking;sugar"
371,"Can I take a multivitamin while pregnant?","Vitamins","pregnancy;prenatal;multivitamin;folic acid"
372,"How much folic acid do I need?","Vitamins","folic acid;pregnancy;dose;neural tube"
373,"What’s the difference between prenatal vitamins and multivitamins?","Vitamins","prenatal;multivitamin;iron;folate"
374,"Can I take biotin for hair and nails?","Vitamins","biotin;hair;nails;supplement"
375,"Can vitamins cause nausea?","Vitamins","vitamins;nausea;with food;iron"
376,"What moisturizer is best for eczema?","Skin","eczema;moisturizer;fragrance free;ceramides"
377,"Can I use antibiotic ointment on cuts?","Skin","antibiotic ointment;cuts;infection;safety"
378,"How do I treat a blister?","Skin","blister;do not pop;care;bandage"
379,"What helps poison ivy itching?","Skin","poison ivy;itch;calamine;hydrocortisone"
380,"How do I treat dandruff?","Skin","dandruff;ketoconazole;shampoo;scalp"
381,"Can I use ear drops if I have a hole in my eardrum?","Eyes & Ears","ear drops;perforated eardrum;doctor;safety"
382,"What should I do if I get something in my eye?","Eyes & Ears","eye;foreign body;flush;doctor"
383,"Can I use contact lens solution as eye drops?","Eyes & Ears","contacts;solution;eye drops;avoid"
384,"What can I take for motion sickness?","Eyes & Ears","motion sickness;meclizine;drowsiness;tips"
385,"Can I take meclizine and Benadryl together?","Eyes & Ears","meclizine;benadryl;drowsiness;avoid"
386,"Can I take cough medicine if I have diabetes?","Diabetes","diabetes;cough medicine;sugar free;safe"
387,"Can I take decongestants if I have diabetes?","Diabetes","diabetes;decongestant;blood pressure;safe"
388,"What should I do if I have diarrhea and diabetes?","Diabetes","diabetes;diarrhea;hydration;ketones"
389,"What should I do if I’m sick and my blood sugar is high?","Diabetes","sick day;high blood sugar;ketones;doctor"
390,"Can I take antacids if I have diabetes?","Diabetes","diabetes;antacid;safety;otc"
391,"Can high blood pressure meds cause cough?","Heart","ace inhibitor;cough;side effect;doctor"
392,"Can heartburn medicine affect my heart meds?","Heart","heartburn;interaction;clopidogrel;omeprazole"
393,"What cold medicine is safest with atrial fibrillation?","Heart","afib;cold medicine;decongestant;avoid"
394,"Can I take ibuprofen if I have heart failure?","Heart","heart failure;ibuprofen;fluid retention;avoid"
395,"What should I do if my blood pressure is very high?","Heart","very high bp;warning signs;emergency;care"
396,"Can I take supplements with antidepressants?","Mental Health","supplements;antidepressant;interaction;serotonin"
397,"Is St. John’s wort safe for depression?","Mental Health","st johns wort;depression;interaction;ssri"
398,"Can antihistamines make anxiety worse?","Mental Health","antihistamine;anxiety;side effects;drowsiness"
399,"Can decongestants make anxiety worse?","Mental Health","decongestant;anxiety;palpitations;stimulant"
400,"What should I do if I feel suicidal?","Mental Health","suicidal;crisis;988;emergency"
401,"Can I take ibuprofen with amlodipine?","Drug Interactions","ibuprofen;amlodipine;blood pressure;interaction"
402,"Can I take naproxen with amlodipine?","Drug Interactions","naproxen;amlodipine;blood pressure;interaction"
403,"Can I take ibuprofen with insulin?","Drug Interactions","ibuprofen;insulin;diabetes;interaction"
404,"Can I take acetaminophen with warfarin?","Drug Interactions","acetaminophen;warfarin;INR;interaction"
405,"Can I take ibuprofen with warfarin?","Drug Interactions","ibuprofen;warfarin;bleeding risk;avoid"
406,"Can I take aspirin with warfarin?","Drug Interactions","aspirin;warfarin;bleeding risk;doctor"
407,"Can I take herbal teas with blood thinners?","Drug Interactions","herbal;blood thinner;interaction;safety"
408,"Can I take antibiotics with probiotics at the same time?","Drug Interactions","antibiotic;probiotic;timing;spacing"
409,"Can I take loperamide (Imodium) with SSRIs?","Drug Interactions","loperamide;ssri;QT risk;interaction"
410,"Can I take ibuprofen with lithium?","Drug Interactions","ibuprofen;lithium;toxicity;interaction"
411,"Can I take naproxen with lithium?","Drug Interactions","naproxen;lithium;toxicity;interaction"
412,"Can I take antacids with iron supplements?","Drug Interactions","antacid;iron;absorption;timing"
413,"Can I take calcium and iron together?","Drug Interactions","calcium;iron;absorption;spacing"
414,"Can I take magnesium and calcium together?","Drug Interactions","magnesium;calcium;supplement;timing"
415,"Can I take vitamin K with warfarin?","Drug Interactions","vitamin K;warfarin;INR;diet"
416,"Can I take omega-3 fish oil with blood thinners?","Drug Interactions","fish oil;blood thinner;bleeding risk;interaction"
417,"Can I take ibuprofen with alcohol occasionally?","Drug Interactions","ibuprofen;alcohol;stomach bleed;safety"
418,"Can I take sleep medicine with alcohol?","Drug Interactions","sleep aid;alcohol;danger;sedation"
419,"Can I take cough medicine with alcohol?","Drug Interactions","cough medicine;alcohol;drowsiness;interaction"
420,"Can I take antihistamines with alcohol?","Drug Interactions","antihistamine;alcohol;drowsiness;interaction"
421,"What can I take for a mild fever?","Cold & Flu","fever;mild;acetaminophen;ibuprofen"
422,"Is it okay to take cold medicine for more than a week?","Cold & Flu","cold medicine;duration;safety;doctor"
423,"Can I take cough medicine before bed?","Cold & Flu","cough medicine;bedtime;drowsiness;safety"
424,"What can I do for a hoarse voice?","Cold & Flu","hoarse voice;rest;hydration;throat"
425,"What helps a lingering cough after a cold?","Cold & Flu","lingering cough;post viral;when to see doctor;tips"
426,"What are signs of pneumonia?","Cold & Flu","pneumonia;warning signs;doctor;fever"
427,"Can I take antibiotics for a cold?","Cold & Flu","antibiotics;cold;viral;not needed"
428,"Do I need antibiotics for bronchitis?","Cold & Flu","bronchitis;antibiotics;viral;doctor"
429,"What helps chest congestion?","Cold & Flu","chest congestion;guaifenesin;hydration;steam"
430,"What can I do for a stuffy nose in a child?","Cold & Flu","child;stuffy nose;saline;suction"
431,"What helps inflammation pain?","Pain Relief","inflammation;nsaid;ice;rest"
432,"Can I use lidocaine patches for pain?","Pain Relief","lidocaine;patch;topical;pain"
433,"What can I do for sciatica pain at home?","Pain Relief","sciatica;stretching;heat;doctor"
434,"What helps jaw pain?","Pain Relief","jaw pain;TMJ;ice;doctor"
435,"What can I take for gout pain?","Pain Relief","gout;pain;NSAID;doctor"
436,"Can I take ibuprofen with acid reflux meds?","Acid Reflux","ibuprofen;ppi;stomach;safety"
437,"Can I take antacids and famotidine together?","Acid Reflux","antacid;famotidine;timing;reflux"
438,"What helps gas and bloating?","Acid Reflux","gas;bloating;simethicone;diet"
439,"Is Gas-X (simethicone) safe?","Acid Reflux","simethicone;gas;safe;otc"
440,"Is it safe to take probiotics for bloating?","Acid Reflux","probiotic;bloating;evidence;safety"
441,"Can I take allergy meds if I have high blood pressure?","Allergies","allergy;hypertension;decongestant;safe"
442,"What allergy medicine is safest with high blood pressure?","Allergies","hypertension;allergy;antihistamine;safe"
443,"Can I use decongestant nasal sprays with high blood pressure?","Allergies","hypertension;nasal spray;oxymetazoline;caution"
444,"Can I take melatonin with high blood pressure?","Sleep","melatonin;hypertension;safety;doctor"
445,"Does magnesium glycinate help sleep?","Sleep","magnesium glycinate;sleep;supplement;evidence"
446,"Is it safe to take sleep aids every night?","Sleep","sleep aid;daily use;dependence;safety"
447,"What should I avoid before bed to sleep better?","Sleep","sleep hygiene;avoid;caffeine;alcohol"
448,"Can I take cough medicine and melatonin together?","Sleep","cough medicine;melatonin;drowsiness;safety"
449,"How do I know my child's dose based on weight?","Dosage","children;weight based dosing;mg per kg;safety"
450,"What does 'as needed' mean on a prescription?","Dosage","prn;as needed;instructions;understanding"
451,"How should I store liquid antibiotics for kids?","Storage","liquid antibiotic;refrigerate;shake;expiry"
452,"How long are eye drops good after opening?","Storage","eye drops;after opening;discard;infection"
453,"How long is insulin good after opening?","Storage","insulin;after opening;days;storage"
454,"Can I keep medicine in a hot room?","Storage","heat;medicine;potency;storage"
455,"Can I take antihistamines during pregnancy?","Pregnancy","pregnancy;antihistamine;safety;doctor"
456,"Can I take NSAIDs during pregnancy?","Pregnancy","pregnancy;NSAID;avoid;trimester"
457,"What vitamins are important during pregnancy?","Pregnancy","pregnancy;vitamins;folate;iron"
458,"What’s safe for heartburn during pregnancy?","Pregnancy","pregnancy;heartburn;tums;famotidine"
459,"What can I use for a diaper rash?","Children","diaper rash;zinc oxide;barrier;care"
460,"What can I do for a child's eczema?","Children","child;eczema;moisturizer;hydrocortisone"
461,"Can I give my child antihistamines?","Children","children;antihistamine;dose;age"
462,"What should I do if my child has an allergic reaction?","Children","child;allergic reaction;hives;emergency"
463,"Can I take vitamin D with calcium?","Vitamins","vitamin D;calcium;bone health;timing"
464,"Can I take magnesium with vitamin D?","Vitamins","magnesium;vitamin D;supplement;timing"
465,"How do I choose a safe supplement brand?","Vitamins","supplements;quality;USP;NSF"
466,"What helps dry, cracked lips?","Skin","chapped lips;petrolatum;hydration;care"
467,"What can I do for a cold sore?","Skin","cold sore;docosanol;antiviral;care"
468,"Can I use hydrocortisone on a bug bite?","Skin","bug bite;hydrocortisone;itch;relief"
469,"What helps pink eye symptoms?","Eyes & Ears","pink eye;conjunctivitis;hygiene;doctor"
470,"When should I see a doctor for eye redness?","Eyes & Ears","eye redness;warning signs;pain;doctor"
471,"Can I take sugar-free medicines with diabetes?","Diabetes","diabetes;sugar free;labels;otc"
472,"What should I check on labels if I have diabetes?","Diabetes","diabetes;labels;sugar;carbs"
473,"Can I take NSAIDs if I have heart disease?","Heart","heart disease;NSAID;risk;avoid"
474,"Can I take decongestants if I have heart disease?","Heart","heart disease;decongestant;avoid;palpitations"
475,"Can I take antihistamines if I have heart disease?","Heart","heart disease;antihistamine;safety;caution"
476,"Can anxiety medicine make me sleepy?","Mental Health","anxiety meds;drowsiness;side effect;safety"
477,"Can I take antihistamines with anxiety meds?","Mental Health","antihistamine;anxiety meds;drowsiness;interaction"
478,"Can I take decongestants with anxiety meds?","Mental Health","decongestant;anxiety meds;palpitations;interaction"
479,"What are common side effects of antidepressants?","Mental Health","antidepressant;side effects;nausea;sleep"
480,"When should I call my doctor about medication side effects?","Mental Health","side effects;when to call;warning signs;doctor"
481,"Can I take ibuprofen with antibiotics?","Drug Interactions","ibuprofen;antibiotic;interaction;safety"
482,"Can I take acetaminophen with antibiotics?","Drug Interactions","acetaminophen;antibiotic;interaction;safety"
483,"Can I take antihistamines with antibiotics?","Drug Interactions","antihistamine;antibiotic;interaction;safety"
484,"Can I take antacids with doxycycline?","Drug Interactions","antacid;doxycycline;absorption;spacing"
485,"Can I take antacids with ciprofloxacin?","Drug Interactions","antacid;ciprofloxacin;absorption;spacing"
486,"Can I take calcium with ciprofloxacin?","Drug Interactions","calcium;ciprofloxacin;absorption;spacing"
487,"Can I take iron with ciprofloxacin?","Drug Interactions","iron;ciprofloxacin;absorption;spacing"
488,"Can I take magnesium with ciprofloxacin?","Drug Interactions","magnesium;ciprofloxacin;absorption;spacing"
489,"Can I take omeprazole with antibiotics?","Drug Interactions","omeprazole;antibiotic;interaction;safety"
490,"Can I take probiotics after antibiotics?","Drug Interactions","probiotic;after antibiotics;gut;timing"
491,"What can I do for sore throat without antibiotics?","Cold & Flu","sore throat;viral;supportive care;tips"
492,"What helps runny nose and sneezing?","Cold & Flu","runny nose;sneezing;antihistamine;care"
493,"What helps fever and chills?","Cold & Flu","fever;chills;acetaminophen;hydration"
494,"What can I take for sinus congestion?","Cold & Flu","sinus congestion;saline;decongestant;steam"
495,"What can I take for a headache with a cold?","Cold & Flu","headache;cold;acetaminophen;ibuprofen"
496,"What’s the best OTC option for mild pain?","Pain Relief","mild pain;otc;acetaminophen;ibuprofen"
497,"What can I take for stomach pain from reflux?","Acid Reflux","stomach pain;reflux;antacid;doctor"
498,"What helps itchy nose from allergies?","Allergies","itchy nose;allergy;nasal steroid;antihistamine"
499,"What can I do for trouble falling asleep?","Sleep","falling asleep;insomnia;routine;tips"
500,"What should I do if I took medicine with expired date?","Storage","expired;medicine;what to do;safety"
501,"What can I take for heartburn if I’m on other medications?","Acid Reflux","heartburn;interaction;antacid;timing"
502,"Can I take allergy meds if I’m also taking cold medicine?","Allergies","allergy;cold medicine;double ingredients;safety"
503,"Can I take NyQuil if I already took Tylenol?","Cold & Flu","nyquil;tylenol;acetaminophen;overdose"
504,"Can I take two medicines that both have acetaminophen?","Dosage","acetaminophen;duplicate;overdose;label"
505,"How can I tell if two OTC products have the same ingredients?","Dosage","otc;ingredients;labels;duplicate"
506,"Can I take ibuprofen and naproxen on the same day?","Pain Relief","ibuprofen;naproxen;nsaid;avoid"
507,"Can I take aspirin and ibuprofen together?","Pain Relief","aspirin;ibuprofen;timing;interaction"
508,"Can I take omeprazole and antacids on the same day?","Acid Reflux","omeprazole;antacid;timing;reflux"
509,"Can I take Zyrtec and Claritin together?","Allergies","zyrtec;claritin;double antihistamine;avoid"
510,"Can I take melatonin and Benadryl together?","Sleep","melatonin;benadryl;drowsiness;avoid"
511,"Can I store medicine in a weekly pill box for a long time?","Storage","pill box;stability;humidity;safety"
512,"What should I do if my medicine froze?","Storage","frozen;medicine;stability;what to do"
513,"What should I do if my medicine got too hot?","Storage","heat;medicine;potency;what to do"
514,"Can I take prenatal vitamins and iron together?","Vitamins","prenatal;iron;constipation;timing"
515,"Can I take vitamin B12 supplements?","Vitamins","vitamin B12;supplement;deficiency;safe"
516,"What should I do for an itchy rash?","Skin","rash;itch;hydrocortisone;antihistamine"
517,"Can I use antibiotic cream on acne?","Skin","acne;antibiotic ointment;not recommended;irritation"
518,"What should I do if I get ear ringing?","Eyes & Ears","tinnitus;ear ringing;warning signs;doctor"
519,"Can I take cold medicine if I’m on antidepressants?","Drug Interactions","cold medicine;antidepressant;dextromethorphan;serotonin"
520,"Can I take dextromethorphan with sertraline?","Drug Interactions","dextromethorphan;sertraline;serotonin syndrome;risk"
521,"Can I take cough medicine if I have high blood pressure?","Heart","cough medicine;hypertension;decongestant;safe"
522,"Can I take decongestants if I have anxiety?","Mental Health","anxiety;decongestant;palpitations;avoid"
523,"Can I take NSAIDs if I have diabetes?","Diabetes","diabetes;nsaid;kidney;safe"
524,"Can I take antacids if I have kidney disease?","Acid Reflux","kidney disease;antacid;magnesium;aluminum"
525,"Can I take magnesium-based antacids if I have kidney disease?","Acid Reflux","kidney disease;magnesium antacid;avoid;doctor"
526,"Can I take calcium carbonate antacids if I have kidney disease?","Acid Reflux","kidney disease;calcium carbonate;safe;doctor"
527,"Can I take ibuprofen if I’m dehydrated from the flu?","Cold & Flu","dehydration;ibuprofen;kidney;safe"
528,"Can I take loperamide for diarrhea from a stomach bug?","Dosage","diarrhea;stomach bug;loperamide;safety"
529,"What should I drink when I’m sick to stay hydrated?","Cold & Flu","hydration;flu;electrolytes;tips"
530,"What should I do if I’m vomiting and can’t keep fluids down?","Dosage","vomiting;dehydration;when to seek care;tips"
531,"Can I use calamine lotion for itching?","Skin","calamine;itch;poison ivy;safe"
532,"What should I do if I accidentally took my medicine twice?","Dosage","double dose;accidental;call pharmacist;poison control"
